{"04_RLFN": {"valid_runtime": [1638.5936279296875, 44.66019058227539, 49.364288330078125, 39.05897521972656, 49.409664154052734, 44.72751998901367, 37.083038330078125, 44.7143669128418, 44.75334548950195, 49.434207916259766, 44.56380844116211, 49.456417083740234, 47.835166931152344, 45.29417419433594, 44.56399917602539, 44.46051025390625, 51.07612609863281, 49.54579162597656, 44.69036865234375, 45.69878387451172, 44.52016067504883, 52.59904098510742, 42.17887878417969, 47.68329620361328, 45.34479904174805, 51.8350715637207, 49.42649459838867, 45.44303894042969, 44.66716766357422, 27.143552780151367, 44.65532684326172, 45.25145721435547, 50.85065460205078, 44.52995300292969, 53.28406524658203, 49.33484649658203, 44.524864196777344, 44.64723205566406, 44.60521697998047, 44.6192626953125, 44.51744079589844, 44.58534240722656, 45.393310546875, 44.50931167602539, 47.59369659423828, 44.5805778503418, 44.526912689208984, 49.60451126098633, 44.378623962402344, 44.38243103027344, 43.191871643066406, 37.26889419555664, 44.8043212890625, 35.256446838378906, 66.01795196533203, 44.53529739379883, 46.174625396728516, 44.51603317260742, 44.59814453125, 49.35200119018555, 44.4299201965332, 44.557247161865234, 49.241695404052734, 44.52889633178711, 49.41075134277344, 44.76515197753906, 44.522911071777344, 47.23001480102539, 44.51113510131836, 51.34080123901367, 44.53071975708008, 45.552032470703125, 45.30160140991211, 45.0753288269043, 49.33990478515625, 44.86502456665039, 37.176063537597656, 56.927711486816406, 60.36732864379883, 44.54435348510742, 41.65155029296875, 44.681697845458984, 45.41030502319336, 45.12895965576172, 44.698238372802734, 44.7894401550293, 44.743263244628906, 45.45811080932617, 45.23078536987305, 45.49260711669922, 54.96758270263672, 42.3054084777832, 45.09939193725586, 44.847137451171875, 42.36774444580078, 44.80575942993164, 44.65379333496094, 44.69456100463867, 44.765953063964844, 38.8834228515625], "valid_psnr": [29.50040384534114, 35.303751544831876, 40.60697905029471, 27.475062937935895, 28.57024817155676, 28.50103733062244, 20.24773131877902, 26.847771036516352, 32.28587409819924, 26.7813292997222, 29.112505527107313, 28.040965153502416, 31.429508947232428, 28.30543291694044, 34.17206366396387, 31.703081863388086, 32.28595838979898, 28.997699892704812, 28.10382864835233, 24.96041342205643, 32.07915219927908, 30.70265745828481, 26.07982469574546, 28.514060213528275, 27.41747702453347, 24.23134959847049, 33.591573342200874, 21.840419240700882, 26.61207516615612, 24.48963140332571, 30.245993055986986, 30.824370861021567, 34.1913185692786, 25.442691944180336, 22.890276220542887, 25.941883972586623, 26.279637104059873, 37.79898735206943, 29.09517194588667, 28.417744458411903, 28.226789331665994, 29.91475829376068, 41.27025890182665, 44.414416113279685, 24.272486416590205, 25.590654379378247, 27.77421946231663, 27.297937658030836, 22.407592119966818, 29.178812921409097, 28.54459201305676, 30.065622099642884, 34.30078697647129, 24.959140429908537, 29.439995692671314, 24.392958347104994, 34.96061952571853, 28.58043563338566, 25.42474701261408, 20.61897441714121, 23.10377596785312, 33.18555687203576, 33.25137732090765, 29.950708480636827, 27.317903216294308, 25.112686229812084, 28.52364856105225, 32.89693206721498, 23.813213533482624, 28.654504044113036, 32.19192400441695, 24.07556341244989, 24.079077687600368, 30.169186366545002, 24.41418686304248, 22.17105879032029, 40.46020551464636, 32.242115042710196, 27.366881968189553, 32.20320686773613, 26.01241151843531, 34.281542937610624, 26.3998096714369, 25.989623474000783, 22.9547175480608, 36.61193861260058, 25.299676623421178, 30.684230561081648, 31.015777234250862, 25.305975814732115, 26.95866099676111, 30.247543440519983, 33.3392764078636, 31.836314504316636, 20.420122588797405, 39.27145268994642, 22.168969712874645, 34.661962814622875, 31.468857788131338, 28.05699143699598], "valid_ssim": [0.8511200885136111, 0.9013117975621459, 0.9706515880267755, 0.7919368697769059, 0.774795797427983, 0.8672048394322022, 0.5285913860687931, 0.8001392478815879, 0.8627366022946821, 0.7805801285381163, 0.7869713867314387, 0.816888837249602, 0.8795274170159709, 0.8976901494988615, 0.9189640826190083, 0.8406045026215777, 0.8859824160193001, 0.9018174370328492, 0.8234586791485867, 0.8075666752124876, 0.9232251637049481, 0.8684476608627559, 0.8187313913927493, 0.892637849232507, 0.8218671394542426, 0.7610095012919885, 0.8840215489767194, 0.9016260356332065, 0.5346652697839609, 0.7247119379909625, 0.8759814019571494, 0.883008231552138, 0.9061161937807114, 0.7792359583204488, 0.5977455949193669, 0.7985351240438076, 0.833529394250588, 0.9071877312986448, 0.8221587095554858, 0.8151917700025691, 0.8599681964932723, 0.8582884813061545, 0.9783496326741618, 0.9858695925104707, 0.7747783919840745, 0.8003409935429083, 0.8281834929794477, 0.7390442214228529, 0.773964296911427, 0.8414021831107955, 0.8753705621022828, 0.84400286835832, 0.9324429423988204, 0.7394065336613945, 0.7508674092682885, 0.7084308822350787, 0.7926010817209556, 0.7908971292081489, 0.6909656955305404, 0.6296409535839612, 0.7634055261539222, 0.8262042815286058, 0.8990966703038779, 0.7853750800564511, 0.7618778479643519, 0.8030591975934307, 0.8555792486824108, 0.9599764950601073, 0.7974684810111929, 0.845416058092271, 0.9032223876065655, 0.6936877874967382, 0.7365559884863183, 0.792840877946226, 0.6708833613891859, 0.5847518584920438, 0.968126278862519, 0.8979082509101192, 0.8623349282996114, 0.9023534624393296, 0.7755665136119294, 0.9470750807611076, 0.7485615799009024, 0.7466560153365385, 0.5990749729856989, 0.9204257480057817, 0.7679223303487, 0.8846414687892206, 0.9094855882069893, 0.7417297040036148, 0.8278766027213615, 0.9146237318147988, 0.8163260222046183, 0.8924114106164921, 0.5699684274786329, 0.9428497599658695, 0.6939819513823507, 0.9100975145923126, 0.9041083656754948, 0.8622285104532431], "valid_memory": 375.86962890625, "valid_ave_runtime": 61.68810804367065, "valid_ave_psnr": 28.997233098185564, "valid_ave_ssim": 0.8191872444491175, "activations": 80.045184, "num_conv": 39, "flops": 19.695306752, "num_parameters": 0.317218},